Urdu	Roman-Urdu	Ur—Rom Confidence Score	English	Ur-En Confidence Score
پتے	pattay	0.67	pictures	1.0
ٹوٹتی	ti	0.5	resonating	0.6
ے	ye	0.5	whipping	0.8
آہستہ	ahista	0.67	gradually	0.71
فيس	face	0.5	face	1.0
ملوث	mulawis	0.57	implicated	0.69
۱۲۲	122	0.33	122	0.461
ياونگ	young	0.4	young	1.0
بستی	bus	0.67	slum	0.5
پیپر	paper	0.4	clamshell	0.54
ہٹ	hat	0.67	rip	0.49
دھمکیاں	yardhamkian	0.64	retaliations	0.74
حنک	thank	0.6	thank	1.0
منگل	mangal	0.67	jandol	0.5
پؤئٹری	poetry	0.33	poetry	0.784
بزرگ	buzarg	0.67	mendicant	0.57
گر	gir	0.67	falling	0.62
ٹوف	tough	0.6	tough	1.0
بالکل	blkul	0.6	completely	0.69
وصال	wisaal	0.67	mourned	0.57
محفل	mehfil	0.67	fireside	0.55
پرفامنس	performance	0.36	performance	0.298
انفارمیشن	infomation	0.4	technology	0.67
يناؤ	enough	0.5	enough	1.0
غائب	gaib	0.5	vanished	0.71
مکر	mukar	0.6	promised	1.0
کناروں	kinare	0.67	edges	0.67
غصے	gusa	0.5	swooned	0.67
جملہ	jumla	0.6	preambles	0.53
بد	badal	0.67	carelessness	0.61
سئون	seven	0.4	seven	0.985
پل	pal	0.67	bridge	0.63
تسلی	tasalli	0.57	satisfied	0.68
اعظم	azam	0.5	prime	0.57
خستہ	khasta	0.67	dilapidated	0.6
ادہ	ado	0.67	ado	1.0
منہ	moun	0.5	mouthful	0.58
کیدو	frndskidunya	0.44	adviser	0.674
اسپيس	space	0.4	space	1.0
زرارت	ziarat	0.5	ziarat	1.0
ویز	nywayx	0.33	airways	0.62
نقل	naqal	0.6	transport	0.53
علی(رض	ra	0.5	ra	0.333
کلام	kalaam	0.67	utterances	0.65
وائف	wife	0.5	wife	1.0
حينجر	hunger	0.5	hunger	1.0
سلان	salman	0.67	salman	0.752
راج	loveurajj	0.38	raj	1.0
ہوئے	huy	0.67	to	0.66
مسلسل	musalsal	0.62	continuously	0.65
فرشتوں	thafarishton	0.58	earthly	0.64
حملہ	hamla	0.6	raid	0.78
مسلّز	muscles	0.43	muscles	1.0
صحابہ	sahaba	0.67	predestinarians	0.64
فنی	funny	0.6	cinematic	0.62
نہ	na	0.5	not	0.77
نشہ	nasha	0.6	overeaten	0.57
تھکن	thakan	0.67	fatigued	0.68
ايک	aik	0.33	pachaiyappan	0.75
٢٣	atif23	0.33	preced	0.56
وسط	twist2q	0.6	middle	0.778
تر	tara	0.67	mostly	0.72
حضرت	hazrat	0.67	anointed	0.68
هایپر	hyper	0.4	hyper	0.263
بچہ	bacha	0.6	child	0.72
مٹی	mitti	0.6	crumbly	0.6
حکيم	hakeem	0.67	hakeem	0.213
فاصلہ	faasla	0.67	equidistant	0.69
فتح	fatah	0.6	conquest	0.82
نیچر	neture	0.33	industy	0.58
ڈيٹ	date	0.5	date	1.0
مپرؤو	improve	0.57	improve	0.195
سپیس	space	0.6	etrn	0.57
سمن	saman1	0.6	lamma	0.43
ابھی	abi	0.67	there	0.62
بکھر	bikhar	0.67	scattered	0.62
بن	ban	0.67	prophet	0.68
لیک	loverzlyke	0.33	climbing	0.38
سکندر	sikandar	0.62	nerely	0.49
فرح	farah	0.6	merlissimo	0.46
ہر	har	0.67	every	1.0
اررانجمنٹ	arrangement	0.45	arrangement	1.0
نکلتے	nikalty	0.57	absorb	0.64
ٹاؤ	tough	0.4	tough	1.0
رہنے	rehny	0.6	staying	0.69
پروگرام	prng	0.5	program	1.0
قسمآی	kasam	0.6	kasam	0.221
شغل	shugal	0.67	occasional	0.56
صب	sub	0.67	sub	0.521
یاب	kamyam	0.33	fortunate	0.51
سأو	save	0.5	save	1.0
تحفہ	tohfa	0.6	gift	0.6
آوارہ	awaraboyz	0.44	haunts	0.54
اسوقت	he	0.5	mutally	0.59
ہمّت	himmat	0.33	again.”	1.0
فیئر	fear	0.5	tour	0.54
باےکرنے	bye	0.67	bye	1.0
پرائویٹ	private	0.43	kplus	0.56
تیاریاں	tayarun	0.57	preparations	1.0
چھٹی	chutti	0.33	sixth	0.89
کلر	kiler	0.6	dcdi	0.43
فل	ful	0.67	alums	0.51
گيم	game	0.5	game	1.0
یوراج	loveurajj	0.62	highness	1.0
کنٹرول	cntr0l	0.67	control	0.76
نائب	naib	0.5	vice	0.75
سرنگ	sarang	0.67	tunnel	0.414
یکسر	yaksar	0.67	undesirable	0.65
فاینڈ	find	0.5	find	1.0
وجہ	waja	0.5	due	1.0
تیگ	tag	0.33	tag	0.637
ڈرایئور	driver	0.67	driver	1.0
سمجھتے	samjtay	0.43	consider	0.74
موباءل	mobile	0.67	mobile	0.735
مائ	my	0.5	my	1.0
نمبرز	number	0.67	telsim	0.46
کل	kal	0.67	counted	0.59
۴۰	40	0.5	40	1.0
بلند	buland	0.67	lofty	0.56
ٹیک	take	0.5	suped	0.47
ٹراوسيرس	trousers	0.38	trousers	1.0
منکر	munkir	0.67	infidel	1.0
نقوی	nqvi	0.5	nazia	0.51
حق	huq	0.67	irrevocable	0.62
گريس	grace	0.6	grace	1.0
دیجئے	dijiye	0.5	choose	0.62
چھین	cheen	0.4	reclaim	0.64
اینڈ	and	0.33	esci	0.49
بڑے	bary	0.5	small	0.61
رپلاءی	reply	0.6	reply	0.67
گلہ	gila	0.5	sheepmeat	0.55
جوکز	jokes	0.6	jokes	1.0
ٹيگ	tag	0.33	tag	0.637
حد	had	0.67	extent	0.64
نيم	name	0.5	folk	0.552
مسیج	msg	0.67	msg	0.157
بندر	bandar	0.67	tombol	0.47
انوائٹ	invite	0.33	invite	0.923
مکوڑے	makory	0.67	excrementitious	0.7
لگ	lag	0.67	hundredfold	0.54
دِل	dil	0.33	mecy	0.228
کرن	kiran	0.6	pal	0.51
جڑ	jarr	0.67	fused	0.58
خشک	khushi	0.67	dry	0.71
رفیق	rafaqatainye	0.33	confidance	0.49
بدن	ba'din	0.5	dulled	0.67
فریبڈ	friend	0.67	friend	1.0
انڈودوال	individual	0.4	individual	0.57
نمبرپر	number	0.67	number	1.0
جاب	jok	0.33	nbut	0.46
چلانا	chalna	0.67	implenting	0.61
ہیکر	shikaryr	0.67	iecee	0.49
بر	bar	0.67	videly	0.44
سٹياشن	situation	0.44	situation	1.0
سنسر	sincere	0.67	pornography	0.414
فجر	fajar	0.6	vespers	0.53
اپک	pak	0.33	pak	0.332
ملکہ	malika1hahaha	0.5	majesty	0.59
سائے	saye	0.5	shadow	0.225
ٹم	timing	0.67	berners-lee	0.362
عینی6	sani	0.5	sani	0.248
حابٹاشن	habitation	0.5	habitation	0.806
پھٹان	pathan	0.33	pathan	0.964
ذریعے	zariyhe	0.43	through	1.0
صائم	saim	0.5	kahm	0.43
دن	din	0.67	day	1.0
گھبرا	kbighbra	0.62	sicked	0.68
انوولو	involve	0.43	involve	0.49
بليم	blame	0.6	blame	1.0
کیف	kismat	0.33	vsya	0.48
اِن	in	0.5	ramada	0.453
ستمبر	sep	0.33	september	0.98
چہرہ	chehra	0.67	eyeline	0.65
بیشک	be¤hak	0.33	rending	0.652
مانسرہ	mansehra	0.62	mansehra	0.599
مچھلی	machli	0.5	fish	1.0
پاسز	pases	0.6	passes	1.0
سندھ	farazsindhi	0.4	indus	0.64
ڈینجر	danger	0.33	danger	1.0
مجہمیں	me	0.5	me	1.0
کس	kis	0.67	how	0.62
گز	gaz	0.67	milions	0.47
گَپ	gap	0.33	gap	1.0
خواہشات	hainaurkhwahishat	0.53	desires	1.0
پيٹشن	petition	0.38	petition	1.0
پھنسا	phasa	0.4	stranglings	0.65
بہنوں	behn0n	0.5	sisters	1.0
اکھاڑ	ukar	0.5	ablazed	0.63
طریقہ	tariqa	0.67	method	0.73
مدت	mudat	0.6	time	0.63
الي	ali	0.67	ali	0.997
شعروشاعری	shaairi	0.57	poeticizing	0.67
پھینک	pehnk	0.4	thrown	0.76
ہهو	hon	0.33	hon	1.0
طرفہ	tarafa	0.5	war	1.0
پہنچا	ponch	0.4	reached	0.63
کدر	kadar	0.6	kadar	0.334
ہنر	hunar	0.6	unwearable	0.56
خين	khan	0.5	khan	0.84
اساسن	assassin	0.62	assassin	1.0
وہ	wo	0.5	doubtlessly	0.67
مائے	my	0.5	my	1.0
مسٹر	mr	0.5	umpires	0.43
اِس	is	0.5	same	0.56
بهئی	bhai	0.5	bhai	0.23
زہر	zehar	0.6	poison	0.79
لوين	loan	0.5	loan	1.0
مٹ	mit	0.67	unshattered	0.57
یاسمین	yesmanhi	0.62	jasmine	0.857
آیتٹڈ	attend	0.33	attend	0.997
سوائے	siwae	0.6	exception	0.56
بائے	bye	0.67	whut	0.45
فو	itfun	0.5	ausakafu	0.367
بدلہ	badla	0.6	dishonouring	0.64
جگر	jigar	0.6	anaemic	0.61
اباوٹ	about	0.6	about	1.0
مشورہ	mashwara	0.62	informed	0.71
ببیز	babies	0.67	babies	1.0
روکتا	rota	0.5	prevents	1.0
چھپے	chhupy	0.67	hiding	0.67
فاروقی	z@¤firaq1	0.33	sadequain	0.51
سوئیں	soin	0.5	sleep	1.0
کین	can	0.33	typhoo	0.48
انوأٹ	invite	0.33	invite	0.923
۱۶۰	160	0.33	160	1.0
رکھنے	rakhy	0.6	keeping	0.74
واپسی	wpsi	0.5	return	1.0
کنوليڈج	knowledge	0.67	knowledge	1.0
مسےوز	misuse	0.5	misuse	0.544
ڈکٹر	doctor	0.67	vk	0.49
پہر	pehar	0.6	night	0.67
سلیک	lvrslyk	0.57	sleek	1.0
دفن	dafan	0.6	buried	0.73
ریکوۓسٹ	request	0.57	request	0.771
چیٹنگ	chating	0.43	chatting	1.0
شاوٹ	shout	0.6	shout	1.0
ریپرسنتتیز	representative	0.64	representative	0.524
اککساشن	accusation	0.5	accusation	1.0
نظر	nazar	0.6	glaring	0.63
امتحان	exam	0.5	exam	0.7
حئون	heaven	0.33	heaven	1.0
پڑھائی	parhai	0.67	taught/developed	1.0
فنکشن	function	0.38	function	0.322
سیکشن	section4	0.38	cvte	0.55
پیور	pure	0.5	pure	0.741
مسائل	masaail	0.43	problems	0.75
شرمندہ	sharminda	0.67	ashamed	0.74
ٹھوکروں	thkron	0.5	offences	1.0
ڈیٹ	date	0.5	updates	0.62
رہبر	rahbar	0.67	auspician	0.56
اعلان	ilan	0.5	announced	0.76
چھوتی	chutti	0.33	resistless	0.62
مڑ	mur	0.67	straighted	0.59
شدت	shiddat	0.57	intensified	0.62
نبمر	number	0.33	number	1.0
بستر	bistar	0.67	bed	0.65
ريس	race	0.5	race	1.0
پچھلی	pichli	0.5	unpressed	0.5
پوٹرے	poetry	0.67	poetry	0.784
بلایا	haibulaya	0.56	group's	1.0
سیو	save	0.5	save	1.0
رسک	rax	0.33	kolchuga	0.5
مزہ	mza	0.67	fizziness	0.59
غزل	ghazal	0.67	lyrical	0.74
سر	sar	0.67	head	1.0
موو	move	0.5	move	1.0
يوز	use	0.33	use	1.0
صحن	sehan	0.6	courtyard	0.75
کمینہ	kamina	0.67	bedevilment	0.58
عالیہ	alyia	0.4	jury	0.5
خشیاں	terakhushian	0.58	management	0.969
علوی	alvi	0.5	bedier	0.44
عابد	abid	0.5	aboderin	0.48
ملاحظہ	mulahiza	0.62	rephrasing	0.62
سبق	ise	0.33	lesson	0.6
صدیاں	sadayein	0.62	establishments	0.51
ہمسفر	humsafar	0.62	entiltled	0.61
کھدائی	khudai	0.67	excavation	0.76
عنایت	si	0.5	anayat	0.388
حمزہ	hamza	0.6	mujaki	0.5
کٹی	kitty	0.6	bodybag	0.44
حم	him	0.67	nebuchad	0.6
گلابان	gulistan	0.38	gulistan	0.5
مدينہ	madina	0.33	janubiyah	0.64
گھومنے	guhmne	0.33	community's	1.0
پولائیٹ	polite	0.67	polite	0.602
فلاور	flower	0.5	secondchancegarage	0.5
ڈان	don	0.33	newsdesk	0.53
حلال	halaal	0.67	halal	0.7
پوچھتے	pochty	0.67	remind	0.71
جناح	jinnah	0.67	jinnah	1.0
بگذ	bugs	0.5	bugs	0.703
امریکا	usa	0.33	states	1.0
گرلز	girls	0.6	girls	0.56
سٹیٹس	stats	0.4	uswp	0.57
موبائل	mobile	0.67	mobile	0.62
دسمبر	december	0.62	december	0.97
قدر	qadar	0.6	quantity	0.63
چھوڑنا	chorna	0.33	abandoning	0.62
میسج	msg	0.33	return	0.46
پھنسانے	phasane	0.43	attend	0.997
بائیک	bike	0.5	akm	0.53
ڈراپ	drop	0.5	rerunning	0.59
کلئور	clever	0.5	clever	1.0
تهیت	tek	0.33	tek	0.768
ارمانی	aw	0.5	aw	1.0
کويسشن	question	0.5	question	1.0
چمک	chamak	0.67	brighter	0.69
ڈريسشن	direction	0.44	direction	0.675
بورهتر	brother	0.43	brother	1.0
دیک	dil	0.67	unnesesary	0.48
ابؤو	above	0.6	above	1.0
جم	jamhazaron	0.67	dodori	0.39
تمنا	tamana	0.67	raunchiest	0.53
کھیو	kahiyo	0.67	khieu	0.999
گرانڈمودر	grandmother	0.64	grandmother	1.0
لیونگ	leavng	0.33	qicp	0.56
مسنگ	missing	0.57	missing	1.0
ہوی	th	0.5	spills	1.0
بلیم	blame	0.6	blame	1.0
چینج	change	0.5	tod’s	0.678
السلام	asalam	0.33	judas	0.61
صدیق	siddique	0.67	ulah	0.46
ضامن	zaamin	0.67	guaranteeed	0.64
پوچھنا	puchna	0.67	misinterpretting	0.72
ڈھلنے	dhundley	0.38	fllowing	0.68
کیڑے	gooshtkeere	0.45	piglets	0.67
سازو	chara§sazo	0.4	yokosu	0.267
دائر	dair	0.5	writ	0.62
جرگہ	jarga	0.6	ncop	0.56
بدل	badal	0.6	changed	0.6
کمنگ	upcoming	0.5	upcoming	1.0
رمضان	rum	0.67	ramadan	0.57
شیم	shame	0.6	zeoi	0.54
ٹکڑا	tukara	0.67	encased	0.66
پرائیویٹ	private	0.43	semi-government	1.0
اسیر	espnstaraseer	0.38	chronicals	0.52
جدائی	judai	0.6	tormented	0.62
گئے	gye	0.33	gather	0.62
ارے	ary	0.67	oh	0.208
نوے	nawway	0.67	five	0.69
مئی	may	0.33	january	0.75
پلٹ	palat	0.6	momentarily	0.64
میسیج	msg	0.33	msg	0.157
اسسے	use	0.67	rzt	0.62
جگہ	jaga	0.5	conveniently	0.6
مالک	maalik	0.67	wises	0.49
پہ	pe	0.5	man	0.39
اگست	august	0.67	august	0.96
کھلاؤں	kay	0.33	fat	0.667
مال	maat	0.5	goods	0.65
پردہ	parda	0.6	seven-foot	1.0
گزر	guzar	0.6	shunted	0.55
روتے	roye	0.5	asleep	0.69
کثرت	kasrat	0.67	plentiful	0.67
ماوتھ	mouth	0.4	mouth	0.89
صف	saf	0.67	movements	1.0
فتویٰ	ftawa	0.6	recantation	0.67
اہل	all	0.33	believers	0.68
امسالو	ha	0.5	ha	1.0
زار	bezaar	0.5	kremlin	0.49
رائیٹ	rit	0.67	15/1/2015	0.5
سيرٔور	server	0.5	server	1.0
جل	jal	0.67	alexander's	0.444
ايذي	easy	0.5	easy	1.0
وال	sanwal	0.5	drw	0.45
یونی	uni	0.33	aup	0.51
قبر	qabar	0.6	embalmed	0.64
مریں	maray	0.6	close	1.0
فلک	falak	0.6	skyscrape	0.52
عقبہ	aqbanhi	0.67	qurayn	0.58
ٹکڑے	tukry	0.6	encased	0.63
گروانڈ	ground	0.67	ground	1.0
شہر	shehar	0.67	city	0.73
حیان	shayan	0.67	caii	0.48
شاپ	shop	0.5	dtvs	0.57
آسٹریلیا	australiya	0.5	australia	1.0
رومیٹک	romantic	0.5	romantic	1.0
لگاتا	lagta	0.6	keeps	0.72
زاد	zaat	0.5	firstborn	0.53
ٹھاک	thaam	0.6	shrila	0.54
سُن	sun	0.33	sun	1.0
مام	mom	0.33	rechokim	0.5
قسمت	qismat	0.67	crazy	0.58
راۓ	rai	0.67	oppoose	0.48
حوالہ	hawala	0.67	quote	0.66
دلک	dil	0.67	tinglingly	0.6
فلے	fly	0.67	disstrack	0.47
ڈیوٹی	dute	0.5	units	1.0
ناؤ	now	0.33	now	1.0
لپ	ljp	0.67	beefburger	0.53
جنھیں	gh„z†l>£=jinhain	0.38	confer	0.5
گائز	guy	0.67	guy	1.0
ٹریکس	tracks	0.33	freightliners	0.63
مچ	match	0.6	uproars	0.6
لیبل	label	0.4	rca	1.0
قحط	qehat	0.6	famine	0.72
یہ	ye	0.5	this	0.67
ااچھے	ache	0.5	ache	0.75
رجب	rajab	0.6	ascension	0.55
لکھے	leky	0.5	written	0.72
چیگ	change	0.5	change	1.0
زمہ	zama	0.5	responsibility	1.0
یوح	yon	0.67	yon	0.615
ترس	taras	0.6	compassion	0.777
مدیحہ	madiha	0.67	praisefm	0.5
آۓ	aye	0.33	from	0.51
سمول	small	0.4	small	1.0
نگر	nagaras	0.6	nagar	0.58
ظفر	zafar	0.6	zafar	0.59
چھپا	chupa	0.4	hidden	0.64
زہ	za	0.5	necrophoric	0.52
مءی	may	0.67	may	1.0
ڈیدیکیٹ	dedicated	0.67	dedicated	1.0
ڈالنا	matdalnablkymasjid	0.62	avoided	0.66
قتل	qatal	0.6	murder	0.92
جدھر	jidhar	0.67	bloweth	1.0
بتائیں	bataen	0.5	realize	0.68
ناٹ	nt	0.5	powerplays	0.54
اانہ	enter	0.4	enter	1.0
ایکسیپت	except	0.33	except	1.0
تہمت	tohmat	0.67	dishonoring	0.68
مانے	mainy	0.6	sastify	0.52
چھوڑ	chor	0.5	left	0.69
ستم	sitam	0.6	stragedy	0.56
ھے	hy	0.5	mean	0.51
شمس	haishams1	0.5	portian	0.47
نظم	nazim	0.6	ode	1.0
فائدہ	faida	0.4	detered	0.67
کپتان	capton	0.5	captain	0.382
میوذک	music	0.4	music	1.0
ہیپی	happy	0.4	poreotix	0.55
حصہ	hissa	0.4	part	1.0
رحمت	ra	0.5	ayone	0.42
عادل	adil	0.5	shamur	0.4
سنٹر	center	0.67	assocated	0.53
سٹک	lipstick	0.43	sidex	0.61
حمد	allhamdo	0.43	hymn	0.55
انسین	insane	0.67	insane	1.0
جھلک	jhalak	0.67	vividly	0.67
نفرت	nafrat	0.67	hatred	1.0
باکس	box	0.33	metacritic	0.59
متحد	muttahid	0.5	uniting	0.61
نئور	never	0.4	never	1.0
استعمال	istemal	0.57	use	0.76
گرانڈفادر	grandfather	0.64	grandfather	1.0
بہن	behan	0.6	grandmother	0.74
ایبیوز	abuse	0.4	abuse	1.0
بھٹی	aabhati	0.57	rehma	0.53
کمینے	kamina	0.67	motherfuckers	0.297
کوٹہ	quota	0.6	pipline	0.51
ایرےا	area	0.5	area	1.0
فر	fir	0.67	eat	0.53
ید	yad	0.67	inditing	0.58
چیٹ	chat	0.5	px	0.54
کرکٹ	cricket	0.57	quarterbacks	0.78
اینجل	angel	0.4	trop	0.55
میسجج	msg	0.33	msg	0.157
ماں	maa	0.67	mother	1.0
اچھلنا	uchalna	0.43	leap	1.0
للہ	bismillah	0.33	10,alhamdulillah	1.0
عید	eid	0.33	thanksgiving	0.63
پکڑا	pakda	0.4	noosed	0.66
گاڈ	god	0.33	god	1.0
سنائیں	sunaen	0.5	fixxit	0.55
فوٹبول	football	0.62	football	1.0
امن	ma	0.5	peace	1.0
مٹھائی	mathai	0.67	sweets	0.72
وت	wha	0.33	wha	0.5
مدار	madaar	0.67	earth's	1.0
هاکي	hockey	0.33	hockey	0.441
چه	cherry	0.33	considerato	0.47
پن	pan	0.67	potic	0.47
پڑھتے	pharta	0.33	recite	0.64
پکڑ	pakar	0.6	grabbed	0.68
بلے	baly	0.5	baserunner	0.71
نسبت	nisbat	0.67	relative	0.6
لیٹ	late	0.5	cubicle	0.51
آرگؤ	argue	0.6	argue	1.0
چوز	chose	0.6	chose	0.505
صد	sad	0.67	85	0.667
خلل	khalal	0.67	disinhibition	0.71
لگاتے	lagaty	0.67	hide	0.68
فرات	faraat	0.67	euphrates	0.66
ایڈمن	admin	0.4	havee	0.51
بسنے	basny	0.6	populating	0.59
نہيں	ni	0.5	unimportance	0.57
پکستی	pakistani	0.56	pakistani	0.542
سوئے	soe	0.67	asleep	0.713
چھوٹ	chot	0.5	spare	0.55
نیم	name	0.5	‘lady	1.0
صم	sum	0.67	sum	1.0
پوچھوں	pochon	0.67	ask	0.995
نکل	nikal	0.6	trapped	0.64
جتایا	ehsaanjataya	0.42	conscience	0.809
حلوہ	halwa	0.6	piggul	0.51
رپلاے	reply	0.6	reply	0.67
اينسوير	answer	0.33	answer	1.0
شیطان	karnakemanshaitan	0.41	evil	0.71
گڈ	good	0.5	kkyz	0.48
سک	sak007	0.67	isuckbigtime	1.0
دکان	dukaan	0.67	store	0.75
جیتیں	jeetege4ndshpland	0.67	cartoons	1.0
فرمائیں	frmaenge	0.5	thank	0.68
فائر	fire	0.5	flightstick	0.61
ايدر	either	0.33	either	1.0
لگن	logun	0.6	unexcelled	0.54
ہوئی	hui	0.67	was	0.341
لگنے	lagny	0.6	spraining	0.63
سم	sim	0.67	ped	0.47
میل	male	0.5	miles	0.64
روئے	roye	0.5	sic	0.44
انجل	angel	0.4	angel	0.39
نائس	nice	0.5	erotik	0.47
سکهر	sukkur	0.33	sukkur	0.352
گم	gum	0.67	haunts	0.55
قطر	qatar	0.6	qatar	0.274
اذیت	azziyati	0.57	biting	0.64
مہک	mahikm	0.6	unsticky	0.6
شئیر	shear	0.4	outsource	0.6
پاساج	passage	0.57	passage	1.0
هیو	have	0.5	have	1.0
انٹی	itni	0.5	nppl	0.52
فائدے	faiday	0.33	detriments	0.69
سیچرڈے	sat	0.33	sat	1.0
موم	maa	0.33	softeners	0.59
پلس	starplus	0.38	getglue	0.55
وفائی	bewafai	0.43	inocence	0.58
سنے	sony	0.5	razzing	0.54
شکل	shakal	0.67	form	0.68
رپلائی	reply	0.6	reply	0.67
پليس	place	0.6	place	1.0
بہانہ	bahana	0.67	pretense	0.64
سبکو	sub	0.67	sync	1.0
روو	roopa	0.6	roopa	0.24
چھوڑے	chory	0.4	survive	0.58
آرہے	oupar	0.4	come	0.67
فرینڈ	frnd	0.5	worldfriend4u	1.0
رائن	rain1	0.4	sk	0.45
لگانے	lagny	0.4	inflating	0.63
تصور	tasawur	0.57	notion	0.69
لوؤر	lover	0.4	lover	1.0
دہ	da	0.5	napsi	0.44
ترے	tery	0.5	weep	0.64
حادثہ	sehma	0.4	crash	0.81
گرہوں	jigar	0.4	lqgs	0.61
تومجھے	tujhe	0.4	slaughtered	0.8
آباد	islamabad	0.44	ghial	0.48
طہ	te	0.5	minaretdk	0.51
جد	sajid	0.4	progenitor	0.57
ہوائیں	hawaen	0.5	thermals	0.64
ڈرل	darul	0.6	drill	1.0
ہاؤس	house	0.4	lounge	0.5
بچانے	bachny	0.5	saving	0.64
ایزی	easy	0.5	rd	0.56
ہوجانے	hojaye	0.67	causing	0.66
چھولے	cholay	0.33	paratha	1.0
ٹاءیم	time	0.5	time	1.0
فورجٹ	forget	0.5	forget	1.0
عرشہ	hai	0.33	hai	0.769
ماجِد	majid	0.6	majid	1.0
قاءم	qaim	0.5	irsyad	0.52
بلکل	bilkul	0.67	ridicuously	0.6
مؤو	move	0.5	move	1.0
پر	par	0.67	on	0.413
علامہ	allama	0.67	theologized	0.59
گۓ	gye	0.33	are	0.209
لکی	lucky	0.6	afgh	0.46
رسیو	receive	0.43	receive	1.0
حکم	hukum	0.6	decreeing	0.7
جس	jis	0.67	which	1.0
عاصمہ	asma	0.5	ahlab	0.54
کدہ	kda	0.67	befoul	0.54
چھو	choo	0.5	http://t.co/jzyi2yqjpz	1.0
حئٹ	height	0.33	height	0.763
نالائق	nalayaqlog	0.4	unenlightened	0.65
کمرھ	kamra	0.6	kamra	0.2
بجھ	nebujh	0.5	deadened	0.64
بردار	bro	0.67	uncrewed	0.59
صدر	saddar	0.5	president	0.71
نعمان	noman	0.4	ahzab	0.59
ایکسپت	accept	0.33	accept	1.0
طاقت	taaqat	0.67	power	1.0
فرمائی	farmai	0.67	entreat	0.65
گولڈ	ablegoldgood	0.5	convertible	0.54
جنگلوں	haijanglon	0.6	jungles	0.66
ٹوسٹ	2st	0.33	toast	1.0
طرح	tarah	0.6	etically	0.64
بانہوں	sub	0.33	bangs	0.435
مس	miss	0.67	dash	0.43
عاشق	ashiq	0.4	sorrowful	0.6
محمد	muhammad	0.5	tun	0.43
ابے	aby	0.67	sprich	0.56
اير	air	0.33	air	1.0
اجڑ	dilujjar	0.38	desolation	0.666
تائد	tag	0.67	tag	0.637
آؤٹ	out	0.33	run	0.54
آہی	am	0.5	am	1.0
ہنِّی	honey	0.4	honey	1.0
اپر	par	0.33	renamed	0.44
اولسو	also	0.5	also	0.747
دھڑک	dharhak	0.57	unclenched	0.71
۱۰	10	0.5	april	0.616
فهد	fahad	0.6	fahad	0.808
ہیون	heav3n	0.33	amlux	0.49
مید	made	0.5	made	0.818
لعنت	la'anat	0.57	dishonouring	0.65
مشررف	musharraf	0.67	musharraf	0.777
شاخ	replyshakh	0.5	branch	0.66
گریڈ	grade	0.6	47	1.0
ڈیئر	dear	0.5	sportlite	0.6
مت	mat	0.67	buddhism	0.68
فرینک	frank	0.4	tancerz	0.47
دتھ	death	0.6	death	1.0
پور	mirpur	0.5	sajjanpur	0.66
ہفتہ	hafta	0.6	saturday	0.69
جنکا	jenake	0.67	neous	0.5
رنز	rns	0.67	innings	0.78
مذہب	mazhab	0.67	religion	1.0
چھری	churi	0.4	unremovable	0.55
فادر	father	0.33	lmat	0.43
مائی	my	0.5	tha	0.5
پڑتے	party	0.6	anticipate	0.59
فیکٹری	fctry	0.4	petrol	0.57
عامر	amir	0.5	adnan	0.48
خوشگوار	khusgowar	0.33	calmer	0.61
دعاؤں	duaon	0.4	prayers	0.74
ایریا	area	0.5	kc	0.48
قوت	quvat	0.6	strength	0.68
تسلسل	tasalsul	0.62	continuity	0.66
شخس	shaks	0.4	sworn	1.0
ڈي	die	0.67	enro	0.55
زندہ	zinda	0.6	dead	0.74
چينل	channels	0.38	counterprogrammed	0.56
کيٹ	cat	0.33	cat	1.0
آئیں	aen	0.33	come	0.68
صائمہ	saima	0.4	kayhi	0.53
تیا	the	0.67	the	1.0
عاصم	asim	0.5	sallami	0.57
لگائی	lagai	0.6	lowered	0.6
سیکسی	sxy	0.67	bfuj	0.5
بٹ	but	0.67	tribalized	0.51
انسے	say	0.33	rfnc	0.53
نن	nan	0.67	nan	1.0
لائف	life	0.5	technicon	0.57
سرِشام	sar	0.67	sar	0.265
سؤم	some	0.5	some	1.0
ایج20	age	0.67	age	1.0
پیجیز	page	0.5	page	0.814
طلبہ	talba	0.6	students	1.0
مجرم	mujrim	0.67	unconvicted	0.72
ایٹیٹیوڈ	attitude	0.5	attitude	1.0
انز	ans	0.67	prcomp	0.53
جتنی	hotajitni	0.44	much	0.69
سخن	sukhan	0.67	taherik	0.4
بلاک	block	0.4	block	1.0
پرہیز	perhaz	0.5	insentive	0.6
کمر	kamer	0.6	chest	0.64
حسن	hassan	0.5	usuful	0.46
کپل	cup	0.67	cup	0.917
ايوریون	hi	0.5	hi	1.0
مولوی	molvi	0.6	maulvi	0.65
شاولڈ	should	0.5	should	1.0
گراؤنڈ	ground	0.5	bulldogs	0.67
پرل	pal	0.33	opwml	0.48
محسن	mohsin	0.67	mohsin	0.752
چیلنج	chalnge	0.43	challenge	0.54
اساسناشن	assassination	0.46	assassination	0.363
ایڈ	add	0.33	study	1.0
سنانے	sunany	0.67	conversing	0.64
پٹ	pat	0.67	washer	0.57
فارورڈ	forward	0.43	forward	1.0
جنت	jannat	0.5	sanctuary	0.5
جن	jin	0.67	these	0.76
جنازہ	jinaza	0.67	funeral	0.66
آجائیں	ajaen	0.6	get	0.69
اینی	any	0.67	ink	0.45
شئے	shiye	0.4	constraint	0.66
نصرت	nastur	0.5	mercy	0.58
غضب	ghassb	0.33	desperation	0.69
زوال	zawaal	0.67	stagnation	0.65
سٹار٠٠٧مجھ	sy	0.5	sy	0.487
گءے	gai	0.33	issue	0.751
خالہ	khalasugra9	0.36	aunt	0.629
ڈاوبل	double	0.33	double	1.0
عائیشہ	ayesha	0.33	ayesha	1.0
کعبہ	kaaba	0.6	kaaba	0.68
مخلوق	uskimakhlooq	0.58	beings	0.72
پرندہ	parinda	0.57	bird	1.0
لاءک	like	0.5	like	1.0
بےعزتی	baezati	0.43	distresses	1.0
بتاو	bato	0.5	tell	1.0
چائنا	china	0.6	chinavision	0.62
ہنسنے	hansny	0.67	kvetching	0.65
جوں	jayun	0.6	progressively	0.55
کپ	wcup	0.5	cup	0.917
علم	age	0.33	knowledge	1.0
فنش	finish	0.67	skruk	0.45
زهره	zahra	0.6	zahra	1.0
رائیڈر	rider	0.4	rfactor	0.6
سفر	safar	0.6	journey	0.75
ایور	ever	0.5	thunderfrog	0.48
سبب	sabab	0.6	consequent	0.71
فرنڈ	friend	0.67	friend	1.0
صادر	sadder	0.67	absolve	0.65
ناشن	nation	0.33	nation	1.0
کنارہ	kinara	0.67	side	0.53
مرہ	mera	0.5	befal	0.48
بہتر	behtar	0.67	better	1.0
لہذا	lihaza	0.67	so	0.72
سمٹ	urhesimat	0.33	aqnd	0.45
درجن	darjan	0.67	dozens	0.59
اسرائیل	israil	0.67	israel	1.0
سکس	six	0.33	clockers	0.56
پیج	page	0.5	facebooks	0.63
زمانہ	zamana	0.67	period	0.64
فائن	fine	0.5	college	0.774
ٹکے	tikke	0.6	glued	0.6
لائن	line	0.5	transcon	0.53
بک	bookz	0.5	facebook's	1.0
سرحد	sarhad	0.67	border	1.0
سنیے	sunaye	0.67	phonefreak	0.46
کویٹه	quetta	0.67	quetta	1.0
بھت	bohat	0.6	mudded	0.54
فٹ	fit	0.67	feet	0.67
فیکس	fix	0.67	brvs	0.53
سٹ	sit	0.67	spiketv	0.56
بیڈ	bad	0.33	dks	0.47
انسانوں	ins0no	0.5	humans	0.73
دان	sadan	0.6	scientist	0.69
مگر	magar	0.6	but	1.0
انسول	uncle	0.6	uncle	1.0
از	is	0.5	ed	0.44
گوشت	ge3	0.33	meat	0.76
ٹائم	time	0.5	wotw	0.51
پلیز	plz	0.67	please	0.631
ہسسی	hey	0.33	hey	1.0
بواۓ	boy	0.67	boy	1.0
سن	sun	0.67	ooo	0.44
ہپی	happy	0.6	happy	1.0
قد	qad	0.67	stature	1.0
پرنسز	princes	0.57	idbf	0.49
لائے	lain	0.5	lay	0.55
دوائیں	duaen	0.6	cleanings	0.63
تب	tab	0.67	then	0.79
اوٹ	out	0.33	eintopf	0.56
غصہ	gusa	0.5	anger	0.71
شرم	sharam	0.67	shame	0.68
مدینہ	madina	0.67	madina	0.329
بِن	bin	0.33	bin	0.83
مطلب	matlab	0.67	means	1.0
شیّر	share	0.6	share	1.0
جاوید	javed	0.4	criti	0.5
ہم	hum	0.67	distruct	0.59
آئے	aaey	0.5	come	0.74
سٹايل	style	0.6	style	1.0
قدرت	qudrat	0.67	vastness	0.6
گُم	gum	0.33	gum	1.0
معاف	maf	0.67	plead	0.7
لڑکوں	larkiyon	0.62	children	0.59
چھڑنے	chrny	0.4	fending	0.63
ہزارہ	hazaraloverz	0.33	ethnic	1.0
بونے	boy	0.67	supermassive	0.59
صدام	saddam	0.67	saddam	1.0
سیزن	season	0.33	season	0.409
طلب	talab	0.6	requisited	0.56
بچھڑا	bichra	0.5	devoured	0.68
دھبہ	dhaba	0.6	flaring	0.64
ڈففکلٹ	difficult	0.67	difficult	0.49
تگ	tag	0.67	expedients	0.61
حج	hujjat	0.67	pilgrimmage	0.5
خشحالی	khushali	0.5	wealthy	0.233
آفِس	office	0.33	office	1.0
سالہ	salya	0.6	year	0.55
ایش	ash	0.33	superteam	0.55
باۓی	by	0.5	by	1.0
کھلاڑی	khiladi	0.57	linebackers	0.72
ددی	di	0.5	di	0.236
انوایٹ	invite	0.33	invite	0.923
ستھرا	sms	0.33	joggery	0.52
سیم	same	0.5	gondol	0.45
لایءٹ	light	0.4	light	1.0
پوچھتی	pochti	0.67	“owners	0.778
شکریہ	shukariya	0.56	congrats	0.68
مای	my	0.5	my	1.0
روزنامہ	detailsroznama	0.43	newsmagazine	0.68
ریز	rays	0.5	miracle	1.0
چھڑا	chura	0.4	chased	0.69
پوچھنی	puchni	0.67	consecutive	1.0
ٹي	tie	0.67	tie	1.0
ینی	uni	0.33	sekban	0.5
لیزی	lazy	0.5	lazy	0.175
بیلا	sub	0.33	sub	0.521
کوو	koi	0.67	putotyra	0.55
بلینک	blank	0.4	blank	1.0
ايس	rhe	0.33	unkn	0.48
زہریلی	zehrali	0.57	poisonous	0.77
ہیئر	here	0.5	brttrr	0.54
ھر	har	0.67	har	0.389
انڈکاشن	indication	0.5	indication	1.0
ینگ	young	0.6	ci	0.57
صحابه	sahaba	0.67	sahaba	0.401
سریل	sariyal	0.57	sariyal	0.25
پڑھانے	parhny	0.5	lecturing	0.71
پوچھتا	pochta	0.67	thinks	0.75
بردر	bro	0.67	complain	1.0
سلسلہ	silsila	0.57	continuation	0.55
لڑکے	larky	0.6	boy	0.58
قطرے	qismat	0.33	phosphoresce	0.68
خار	meinkhaar	0.44	galk	0.45
مسج	msg	0.67	msg	0.157
لائین	line	0.5	recc	0.52
سائیلنٹ	silent	0.33	silent	1.0
در	dar	0.67	uh	0.42
وائس	voice	0.4	jones	0.875
مینی	many	0.5	tier	0.51
صلح	salah	0.6	peace	0.69
کہيں	kahin	0.4	obssessed	0.53
پنس	penis	0.6	maybach	0.51
صبر	sabar	0.6	shamefulness	0.66
مچل	machal	0.67	threequel	0.51
هےں	han	0.33	han	0.793
پت	pat	0.67	pursha	0.51
اینٹینا	intena	0.5	formats	0.5
تلے	taly	0.5	under	0.912
گرو	netguru	0.43	guru	0.56
طیبہ	tayaba	0.5	parition	0.47
فیک	fake	0.5	fake	1.0
فطرت	fitrat	0.67	nature	0.62
ریکارڈ	record	0.5	charting	0.67
هوتيں	hoi	0.67	hoi	1.0
غلاظت	galaazat	0.62	unsoiled	0.6
الیکشن	election	0.5	election	0.72
فرنيچر	furniture	0.44	furniture	1.0
مر	mar	0.67	hapen	0.46
چھوٹی	choti	0.4	small	1.0
شکوہ	shikwa	0.67	area	1.0
روئیں	royen	0.4	merchants	0.426
جگہوں	jagaon	0.33	sites	0.55
مرکز	markaz	0.67	center	1.0
کائنات	kainat	0.33	cosmic	0.76
مچھر	machar	0.5	bites	0.66
پشاور	peshwar	0.57	peshawar	1.0
کروڑ	lak	0.33	million	0.77
رلیکسس	relax	0.4	relax	1.0
حبيب	habib	0.4	habib	0.581
مائل	maa'il	0.33	dark	0.58
هم	hum	0.67	origination	0.337
منفرد	munfarid	0.62	unique	0.67
حيمين	human	0.6	human	1.0
مدّت	muddat	0.33	seection	0.64
لوو	love	0.5	transsyberia	0.49
بھلے	lobhaly	0.43	chooose	0.62
ٹاوچ	touch	0.4	touch	1.0
پسند	pasand	0.67	outspoken	0.59
رشتہ	rishta	0.67	relationship	0.69
رک	ruk	0.67	prolong	0.56
جھنگوی	jhangvi	0.57	anti-shia	1.0
تک	tak	0.67	until	0.61
سٹاپ	stop	0.5	drive	0.54
کچی	chachi	0.67	left-wing	0.75
ستر	sattar	0.5	seventy	0.87
ایک	ek	0.5	a	0.4
ہاؤ	how	0.33	rrstage	0.51
لمٹ	limit	0.6	limit	1.0
بواے	boy	0.67	boy	1.0
گھوسٹ	theghostslam	0.62	gamesheet	0.52
رت	rut	0.67	rut	0.409
ایج	age	0.67	hwcc	0.52
ایجنڈا	ga	0.5	agendas	1.0
جبہ	jab	0.67	malibat	0.51
اڈوس	advice	0.33	advice	0.584
خضر	khizar	0.67	khizr	0.494
ابيوز	abuse	0.6	abuse	1.0
میکس	mexi	0.5	psv	0.51
مختصر	mukhtasir	0.67	short	0.61
جائے	jaye	0.5	needn	0.68
نين	nine	0.5	nine	0.658
تکے	takiye	0.5	10	1.0
گئی	gai	0.33	has	0.63
لايٹ	light	0.4	light	1.0
اٹک	attock	0.6	attock	0.78
اکتیویت	activate	0.5	activate	0.835
جاۓ	jae	0.67	usefully	0.58
محور	mehvar	0.33	earth's	1.0
سائلنٹ	silent	0.33	silent	1.0
دھیان	dehan	0.4	mantrip	0.57
چھوٹا	chota	0.4	smallest	0.57
فائرنگ	firing	0.33	attackers	0.7
گئیں	gae	0.33	been	0.6
لئو	leave	0.4	leave	1.0
ڈائٹر	daughter	0.38	daughter	1.0
یں	me	0.5	rats	0.47
اِسے	isy	0.33	duced	0.45
گھی	ge	0.5	grated	0.63
لڑ	lar	0.67	fight	0.65
لا‍ءف	life	0.5	life	1.0
آئینہ	aaina	0.4	glass	1.0
ہوۓ	hue	0.67	surround	0.51
خم	urslfkhumari	0.33	khum	0.282
بلوں	billo	0.6	stoos	0.49
سين	can	0.33	can	1.0
سسٹر	sister	0.67	manufactroversy	0.5
فکر	fikar	0.6	spirituality	0.68
قسم	qasam	0.6	kinds	0.68
اففففففففف	ya	0.5	ya	0.27
حجر	hijar	0.6	balaam	0.64
گوار	khushgwar	0.44	unhappy	0.359
مودر	mother	0.33	mother	1.0
کفن	kafan	0.6	corpse	0.62
پپر	paper	0.6	paper	1.0
گل	gull786	0.67	nince	0.37
جگہیں	jagay	0.4	restuarants	0.54
سلسلے	silsily	0.57	continuing	0.61
فیس	face	0.5	encards	0.56
ایوان	aivan	0.4	taw	0.8
یک	yaq	0.67	nk	0.41
چھپ	chup	0.5	hidden	0.6
پ	ap	0.5	al-qaeda	1.0
ورنہ	warna	0.6	otherwise	0.293
بازو	jabrey	0.33	wing	0.61
ہیری	cherryhazara	0.67	harry's	0.358
کوئ	koi	0.67	noneed	0.61
جيلاوذي	jealousy	0.5	jealousy	1.0
گُد	god	0.33	god	1.0
غربت	gurbat	0.67	poverty	0.66
نسائی	nisai	0.6	sayings	0.59
دلاور	deliver	0.43	insaniyat	0.51
ھوئی	hoi	0.67	feibai	0.48
کم	kam	0.67	less	1.0
ڈبل	double	0.6	double	0.371
یمنی	yamani	0.67	yemeni	0.67
لیو	lev	0.67	department	1.0
قطرہ	wasiqatra	0.33	decay	0.59
انجم	and	0.67	khawarji	1.0
اذ	is	0.5	crucifixtion	0.62
فکرمند	fikarmand	0.67	unbelivable	0.6
دلاتے	dilaty	0.67	mentalize	0.72
پرسز	princes	0.43	princes	1.0
ميل	male	0.5	gakkel	0.39
فائل	fail	0.5	file	0.455
یوز	use	0.33	klsi	0.49
سڈ	side	0.67	side	1.0
پڑ	par	0.67	unded	0.61
پٹاخہ	pathaka	0.43	firecrackers	1.0
قضا	jaoqaza	0.43	desuetude	0.54
قائم	qa'em	0.4	established	1.0
نثار	geonisar	0.5	anonno	0.48
مقصد	maqsad	0.67	aim	0.7
روانڈ	round	0.6	rounds	1.0
پہلو	pehlao	0.67	aspect	0.58
طلبگار	talabgaar	0.67	disheartening	0.65
سنائے	sunae	0.6	hear	0.6
کير	car	0.33	car	1.0
محنت	mehnat	0.67	labouring	0.57
کھلنے	khulny	0.67	unopening	0.6
تنہائی	tanhai	0.67	loneliness	0.65
فريڈے	friday	0.5	friday	1.0
ڈاکٹر	dr	0.5	dr	1.0
حيٹ	hat	0.33	hat	1.0
گيأڈ	guide	0.6	guide	1.0
جیون	jevan	0.4	phoo	0.49
ایوری	every	0.4	monsun	0.47
سکو	sho	0.33	something	0.57
سولو	solve	0.6	komedya	0.46
لکن	lakin	0.6	get?”	0.879
ٹرأول	travel	0.5	travel	1.0
پیکج	pakge	0.4	package	0.64
انجیل	angle	0.4	decipherer	0.49
دربدر	badar	0.4	badar	0.202
منتظر	muntazir	0.62	yesteday	0.51
مرتبہ	martaba	0.57	occasions	0.59
کیوٹ	cute	0.5	cute	0.217
شکر	shukar	0.67	god	0.595
الیکٹرانک	electronicmedia	0.47	electronics	0.75
مکمل	mukammal	0.5	complete	1.0
مسکن	muskan	0.67	2	1.0
کدھر	kidhar	0.67	scared	0.64
بھٹک	bhattak	0.57	trodden	0.59
قدم	qadam	0.6	step	0.55
دل	dil	0.67	heart	1.0
هین	han	0.33	han	0.793
لبر	labour	0.5	libertines	1.0
لپٹ	lipat	0.6	writher	0.63
گائیں	gain	0.5	alongs	0.58
گوورنمنٹ	govt	0.5	govt	1.0
طارق	tarap	0.6	baab	0.42
کيسٹي	caste	0.4	caste	1.0
ڈاوبٹ	doubt	0.4	doubt	1.0
محب	mahubat	0.6	yearnamed	0.49
نئی	nai	0.33	existing	0.57
ی	dil	0.5	officials	0.778
طلحہ	talha	0.6	prophet	0.71
مقابلہ	mokabala	0.62	against	0.67
مقدر	muqadar	0.57	defeatable	0.62
ڈرایونگ	driving	0.57	driving	0.922
بہار	bahaar	0.67	soppu	0.51
گیئں	gayn	0.5	kokoda	0.27
چارجر	charger	0.57	turbo	1.0
گیس	gas	0.33	gas	0.77
مل	mil	0.67	dissolve	0.55
ہمہ	huma	0.5	vigorous	0.55
گارڈ	safeguard	0.44	hvf	0.53
زنگی	zindgi	0.67	manjutakin	0.6
گئ	gi	0.5	has	0.56
پوئیٹری	poetry	0.33	poetry	0.784
محسنیاد	mohsin	0.67	mohsin	0.999
تحت	thasub	0.33	pursuant	0.69
لي	lie	0.67	tlein	0.41
ایکٹو	active	0.33	cmfr	0.59
ایڈریس	adres	0.4	address	0.434
مسسج	msg	0.67	msg	0.157
الفت	sar	0.33	punnishment	0.59
ٹاپک	topic	0.4	exclaimed	1.0
ہیم	hum	0.33	wod	0.45
ل	ill	0.5	principles	1.0
مقام	muqaam	0.67	place	1.0
سرو	srve	0.5	“mega-rosca”	0.687
فِٹ	fit	0.33	fit	1.0
دوم	skydome	0.5	iii	0.67
انلمیٹڈ	indian	0.33	indian	1.0
للٹريٹ	illiterate	0.5	illiterate	0.203
انسأڈ	inside	0.67	inside	1.0
زم	zimka	0.67	ash	0.46
فھيم	faheem	0.67	faheem	1.0
ابّا	abba	0.5	abba	1.0
سجدہ	sujda	0.6	genuflecting	0.61
کونسٹرکشن	construction	0.58	construction	0.375
عائشہ	ayesha	0.33	messenger	0.49
نائلہ	naila	0.4	ankaboot	0.5
اپريل	april	0.6	april	0.54
ههےے	hai	0.33	hai	0.769
ائٹي	eighty	0.33	eighty	0.5
کولیج	college	0.57	college	1.0
پرست	parast	0.67	sionist	0.57
سیمی	sami	0.5	aaa	0.48
مسلمز	muslims	0.57	muslims	0.71
ویئر	whr	0.33	conworks	0.58
منگنی	magny	0.4	espoused	1.0
اپڈيٹ	update	0.67	update	1.0
ہاو	how	0.33	lfdh	0.47
مراد	dilmurad	0.5	grand	1.0
پڑھیں	pak£=£)parhai	0.38	read	1.0
فنجر	finger	0.33	finger	1.0
نظارہ	nazara	0.67	panoramic	0.67
پیپرز	papers	0.33	newswires	0.61
ڈرائیور	drivr	0.6	truck	0.52
وجه	wajah	0.6	unhi	0.5
شائد	shyd	0.5	digressed	0.61
پچھلے	pichle	0.5	last	0.678
دلے	dil	0.67	dil	0.182
رب	rab	0.67	thee	0.61
مميڈيٹيلي	immediately	0.45	immediately	0.62
کک	kick	0.67	gibraltan	0.48
نائن	nine	0.5	09	1.0
بسسٹ	basit	0.4	basit	0.857
ٹیکس	taxes	0.4	tax-deductible	0.674
ہائیٹ	that9	0.4	farenheight	0.248
بھئ	bhai	0.5	bhai	0.23
بننے	banay	0.4	become	0.84
اين	an	0.5	itaf	0.49
مدد	madad	0.6	aided	0.64
بل	bal	0.67	budg	0.41
دکھاتے	dukaty	0.33	reveal	0.64
پرکئیٹکل	practical	0.33	practical	0.264
لٹ	lote	0.67	spoiling	1.0
چمن	chaman	0.67	parche	0.43
ایدمن	admin	0.4	admin	0.374
جنّت	jannat	0.33	jannat	0.421
ایچ!آی!آی۲	kha	0.33	kha	0.355
پرسنل	personal	0.62	personaldemocracy	1.0
بھولے	bohly	0.4	simple	0.399
مجمه	majma	0.6	majma	1.0
اِز	is	0.5	is	1.0
کبر	akbar	0.6	everlastingly	0.58
حر	nhihar	0.33	turbulency	0.53
گندے	gandy	0.6	mildewed	0.59
منظر	manzar	0.67	backdrop	0.64
غیب	ghayab	0.67	omniscience	0.61
سکتے	sakty	0.6	give	0.71
پاوگے	paaogy	0.67	thither	1.0
کييوز	cause	0.6	cause	1.0
بلیو	beliyo	0.67	whitejets	0.56
منزل	manzil	0.67	destination	0.58
بادشاہوں	badshaonki	0.6	rulers	0.75
سلٔور	silver	0.33	silver	0.985
بدمعاش	badmash	0.57	bikeable	0.52
دلبر	dilber	0.67	unhappyness	0.51
فقط	faqat	0.6	uncorrupted	0.55
سگنل	signal	0.67	lzb	0.6
تہے	thy	0.67	resist	0.57
پنسل	pencil	0.67	facers	0.59
شعر	sher	0.5	lion's	1.0
قاری	qadirbux	0.38	reader	0.57
مائیں	maayen	0.33	mothers	0.572
ڈرنے	drnykabole	0.4	fooling	0.69
ذمہ	zama	0.5	responsibility	0.75
چھ	che	0.67	six	0.87
عا	bat	0.33	shit	0.49
شیک	shak	0.5	kanchu	0.56
انسين	insane	0.67	insane	1.0
معاملے	mamlay	0.5	matters	0.68
پہن	pehan	0.6	non-muslim	1.0
فارحين	farhan	0.67	farhan	1.0
قائل	qail	0.5	propound	0.66
گوز	goes	0.5	trackle	0.48
مسلم	muslim	0.67	muslim	1.0
پڑھاتی	parhte	0.67	teached	0.63
پلين	plan	0.5	plan	1.0
حرام	ehraam	0.67	uncleanness	0.63
ٹراے	try	0.67	try	1.0
دوائی	dawai	0.6	injectables	0.67
میڈل	madel	0.4	awardee	0.6
الہَّا	allah	0.6	allah	1.0
فن	skyfunsantoshdost	0.33	art	0.53
کمال	kamaal	0.67	unmat	0.52
بچے	bachy	0.6	babies	0.72
گھنٹہ	ghanta	0.67	wrought	0.654
فولّو	follow	0.5	follow	1.0
پليڈج	pledge	0.67	pledge	0.174
منصور	msnoor	0.33	uthman	0.57
دلائل	dlail	0.6	arguments	0.74
میسسج	msg	0.33	msg	0.157
فرقہ	farqaleet	0.33	sectarian	0.497
علیشا	it	0.5	it	1.0
من	man	0.67	ha	0.45
حسبیند	husband	0.43	husband	1.0
چہ	che	0.67	prevare	0.46
ھم	hum	0.67	debate	0.54
ايسی	isi	0.33	perating	0.52
لٹل	little	0.6	wolfbiker	0.45
لائٹ	light	0.4	lights	0.831
گردش	uljhangardish	0.38	variableness	1.0
کائی	koe	0.67	kwian	0.5
اللام	salam	0.4	salam	0.279
پوءتڑی	poetry	0.5	poetry	0.784
مائینڈ	mind	0.5	mind	1.0
بوائیز	boy	0.67	boy	1.0
مریم	mariam	0.67	birth	0.52
بچو	bhejobecho	0.4	mollycoddled	0.62
جبر	jaber	0.6	oppression	0.5
وائز	voice	0.4	rspba	0.51
يه	ye	0.5	ye	0.598
سینٹ	decentnaveed	0.67	liecht	0.56
کرم	karam	0.6	esary	0.45
طعنہ	taana	0.6	blameful	0.74
ٹل	tell	0.67	possible	0.265
پيس	pace	0.5	pace	1.0
ٹرے	try	0.67	try	1.0
دم	dam	0.67	sight	0.56
دیول	devil	0.4	kathor	0.55
ريسئو	receive	0.57	receive	1.0
سماج	smjh	0.5	social	0.66
بکا	sabika1	0.5	oozium	0.53
کئی	kai	0.33	many	0.82
نۓ	new	0.33	intitially	0.51
سنی	sunny	0.6	voice	0.46
دِن	din	0.33	days	0.487
پوٹ	pvt	0.33	dussst	0.45
ڈوم	skydome	0.5	dom	0.551
سحر	seher	0.6	supersleepless	0.59
شاذ	shz	0.67	rarely	0.58
فيٹ	fat	0.33	fat	0.667
اِم	im	0.5	allusively	0.56
غرض	gharaz	0.67	endeavoring	0.61
همہ	hmm	0.67	hmm	1.0
سپر	super	0.6	super	0.57
لیڈ	skale	0.4	uht	0.53
لقب	laqab	0.6	honorific	0.65
راجہ	ashraf	0.33	maharajah	0.62
فرصت	fursat	0.67	enjoy	0.65
کوئن	queen	0.4	abkc	0.46
دیکھی	hogaedekhi	0.5	illustrates	0.66
سترہ	sitara	0.5	twenty	0.72
الجھے	ujlay	0.4	rabbling	0.64
بوکز	box	0.67	box	1.0
لب	lab	0.67	–	0.617
باے	by	0.5	sun	1.0
سائیلینٹ	silent	0.33	gnmp	0.46
ٹیکسٹ	txt	0.33	commmand	0.61
موبیک	mobile	0.67	mobile	0.735
جگ	jug	0.67	obsura	0.59
لسن	listen	0.5	listen	1.0
لہجہ	thalehja	0.38	spoken	0.64
نسان	nishan	0.67	humankinds	0.57
اينڈ	and	0.33	afmp	0.55
زحمت	zehmat	0.67	yrf	1.0
فہد	fahad	0.6	hassaan	0.49
ملوں	haimillo	0.38	posses	0.52
تھکی	jaothaki	0.5	run-down	1.0
کاپی	cpy	0.33	copyrighter	0.63
گروپس	grps	0.5	group	0.59
اچھل	uchal	0.6	banhammering	0.57
ڈر	dar	0.67	hated	0.61
پتھر	pathar	0.67	stone	0.82
اينجؤاے	enjoy	0.4	enjoy	1.0
وغیرہ	wagera	0.67	etc	0.62
قلم	heqalm	0.5	voluminously	0.58
کیبل	cable	0.4	cable's	0.708
جسٹن	justin	0.67	gengler	1.0
سننے	sun'ne	0.67	listening	0.68
ھنر	hunar	0.6	chances	0.729
خبر	khabar	0.67	news	1.0
صفائی	safai	0.6	cleaning	0.6
ٹیگ	tag	0.33	shiagenocide	0.359
انفارمشن	information	0.36	information	1.0
کوارٹر	quater	0.67	quarter-deck	0.641
بخیریت	ba	0.5	alosious	0.49
سائٹ	site	0.5	website	1.0
فين	fine	0.5	fine	1.0
قربت	qurbat	0.67	closeness	0.65
بس	bus	0.67	stops	0.59
تریکس	tracks	0.33	tracks	1.0
جذبہ	jazba	0.6	fervour	0.7
کوئی	koi	0.67	any	1.0
ماج	image	0.4	image	1.0
لوکڈ	locked	0.67	locked	0.256
انٹينشن	intention	0.56	intention	1.0
نیہں	nhi	0.67	fainted	1.0
لمحہ	lamha	0.6	moment	1.0
پریزنٹیشن	presntatn	0.33	presentation's	1.0
وورڈ	password	0.5	rburgring	0.62
توبہ	tobakiya	0.38	repent	0.66
لاہور	lhr	0.33	lahore	1.0
ماءی	my	0.5	my	1.0
پروائی	purwaai	0.57	distration	0.59
پی	pk	0.5	bs	0.54
حمزه	hamza	0.6	hamza	1.0
چھوا	chua	0.5	pocked	0.63
چھوڑا	chora	0.4	wasn't	0.266
يساج	usage	0.6	usage	1.0
نہی	nai	0.33	proban	0.5
پنناسول	pinnacle	0.62	pinnacle	1.0
ممکن	mumkin	0.67	feasible	0.73
ورڈز	words	0.6	passwords	1.0
بھائیوں	bhaion	0.5	siblings	0.7
ستاتے	sataty	0.67	persecute	0.522
ایشیا	asia	0.5	asia	1.0
لاۓ	la'aay	0.33	withoht	0.49
حل	hal	0.67	solution	1.0
کمبخت	kambakhatbahir	0.67	drunker	0.55
ارڈر	order	0.4	order	1.0
سمندر	samandar	0.62	sea	0.639
مٔي	may	0.33	may	1.0
پس	pas	0.67	resting	0.53
آوروں	hainauron	0.67	attackers	0.72
کہہ	keh	0.67	call	0.62
نقاب	naqaab	0.67	accidentily	0.54
دهی	sindhi	0.5	sindhi	0.915
بھائیو	bhaio	0.6	brothers	1.0
تاب	betab4u	0.6	unquenched	0.56
مرہم	marham	0.67	emetic	0.66
بکش	bakhsh	0.67	bakhsh	0.373
وٹ	what	0.5	bssst	0.54
ايٹ	eat	0.33	eat	1.0
بچھا	bicha	0.6	uproofed	0.63
گیو	gave	0.5	gave	1.0
پو	gepoetri	0.5	saw	1.0
دعا	dua	0.67	pray	0.67
کڑکٹ	cricket	0.57	cricket	0.667
جزیرے	jazery	0.67	island	0.69
وقوف	bywaqof	0.57	seemeth	0.713
لائق	laa'iq	0.33	worthy	0.61
قرینہ	qarina	0.67	acausality	0.6
جلن	jalan	0.6	breathin	0.58
شہ	haisheh	0.43	arrow	0.49
مہینے	month	0.4	month	1.0
چھوڑو	choro	0.4	unpursued	0.51
کرييٹ	create	0.67	create	1.0
بلیک	black	0.4	skyhound	0.51
۱۲۴اؤشا۸۹	124	0.33	124	0.639
هولو	hello	0.4	hello	1.0
انسٹیٹوٹ	insitute	0.62	instituteof	0.61
اسلم	asalam	0.67	hina	0.48
تھینک	thank	0.4	thank	1.0
کمپیوٹر	computer	0.5	computer	0.81
نک	nick	0.67	dvsr	0.51
نم	num	0.67	cooler	0.65
بہت	bohat	0.6	very	1.0
اَبدُّلہا	nan	0.33	nan	1.0
کیئر	tc	0.5	htb	0.5
چیپٹر	chapter	0.43	firector	0.58
پرنسپل	principal	0.67	save	0.414
بیر	tabeer	0.67	mowj	0.45
ورک	ntwrk	0.6	network	0.7
صبح	subah	0.6	morning	0.73
مثال	misaal	0.67	example	0.73
تن	tan	0.67	baying	0.52
بچھڑے	becharay	0.38	devouring	0.63
پچھلا	pichla	0.5	week	0.666
لدھیانوی	ludhyanvi	0.67	ludhianvi	0.7
گیم	game	0.5	gameplay	0.75
جہلم	jhelum	0.67	jehlum	0.77
اان	un	0.5	goldstein	1.0
ڈرائیو	drives	0.5	clockers	0.57
زو	z0o	0.67	psyhi	0.44
حادث	hadees	0.67	hadees	0.307
میجِک	magic	0.4	magic	1.0
ایڈٹ	edit	0.5	aipgmee	0.56
سراسر	sara'sar	0.62	unjust	0.68
مغل	mughal	0.67	mughal	0.69
فاصِل	fasil	0.6	fasil	0.333
ااپنے	haapna	0.67	haapna	0.365
بلبل	bulbul2	0.67	crackly	0.58
ساءیلنٹ	silent	0.33	silent	1.0
آصِف	asif	0.5	asif	0.904
غلط	galat	0.6	spurious	0.68
ستارہ	kisitara	0.5	star	1.0
نس	nice	0.67	ul	0.41
فخر	fakhur	0.67	ownerish	0.5
راونڈ	round	0.4	sponsorless	0.46
جب	jab	0.67	when	1.0
فروري	february	0.62	february	1.0
مانگو	ktm	0.33	we	0.52
بنانے	banany	0.67	creating	0.74
ختم	khatam	0.67	curtailed	0.66
دِدّ	did	0.33	did	1.0
بڑاہی	barhai	0.5	barhai	0.301
غزنوی	ghaznavi2	0.44	ghaznavi	0.71
ہنکس	thanks	0.67	thanks	1.0
کزن	kazan	0.6	rula	0.47
پھیرا	pehra	0.4	enwrapped	0.59
لارج	large	0.6	rhf	0.44
مطلق	mutaliq	0.57	absolute	0.59
بتائے	btaega	0.5	follow	0.6
محفوظ	bkbh1mehfoz	0.45	intact	0.65
سنّت	sunnat	0.33	loquitur	0.53
فلاح	saifullah77	0.44	state’s	1.0
رگ	rahger	0.5	marcus	0.665
چارہ	paya!chara	0.4	blanket	0.52
قصے	qissay	0.67	allusions	0.71
محرک	muharak	0.57	disconnect	0.59
کاٹیکٹ	contact	0.43	contact	0.624
اُس	us	0.5	another	0.6
کاز	bcz	0.33	friend's	1.0
جمعرات	jumerat	0.43	thursday	0.67
مفلس	muflis	0.67	impoverished	0.87
ذلت	zillat	0.5	unfairness	0.66
کھیلتے	khaltay	0.43	pick	0.6
نبوت	nabuwat	0.57	prophecy	0.77
رہتیں	reheta	0.5	stacies	0.56
نه	na	0.5	spanjo	0.44
جاذب	jaazib	0.67	absorbent	1.0
رٹس	rates	0.6	rates	0.487
ایکسپٹ	accept	0.33	accept	1.0
الیاس	bakhairilyasshah	0.42	aquib	0.52
لن	lun	0.67	tlit	0.43
چھے	chaye	0.4	most	0.49
چينج	change	0.5	change	1.0
نائیٹ	night	0.4	emtex	0.57
چیت	chat	0.5	talks	0.55
معاویہ	mavia	0.6	maavi	0.198
محبت	muhabbat	0.5	longing	0.75
لائیں	line	0.5	get	0.61
ڈیز	c”des	0.4	dc	0.45
گاٹ	got	0.33	beft	0.49
یه	ye	0.5	okay	1.0
پاۓ	paey	0.5	undifferentiated	0.58
شاہد	shaid	0.6	cehte	0.45
دھکّا	dhaka	0.6	dhaka	0.436
جائیں	jain	0.5	get	0.65
ایز	as	0.5	as	1.0
امّت	ummat	0.4	ummat	0.432
کنول	kanwal	0.67	blossoms	0.56
کامل	skan	0.5	self	0.61
الٔو	alive	0.4	alive	1.0
رہ	reh	0.67	confined	0.65
میت	mayyat	0.5	burned	0.788
مچھروں	machron	0.43	headcrabs	0.65
سوسائیٹی	societykoi	0.4	iappp	0.56
بسی	bassi	0.6	downtrodden	0.56
سٹایل	style	0.6	style	1.0
چندہ	chanda	0.67	donations	0.65
زرہ	zara	0.5	cuirassed	0.59
لؤو	love	0.5	love	1.0
میوزک	music	0.4	acapellas	0.65
سہ	seh	0.67	raid	0.704
یز	is	0.5	movendi	0.51
ماے	my	0.5	my	1.0
رووز	roz	0.67	roz	0.246
نمبر	number	0.67	reporter#11455	0.686
محل	mahal	0.6	location	0.5
ملک	malik	0.6	country	0.62
۵۰آپ	50	0.5	50	1.0
کٹ	cut	0.67	booted	0.5
نائٹ	night	0.4	blasters	0.49
بتاؤں	baton	0.4	won't	0.608
یل	aik	0.67	trazi	0.43
طرف	taraf	0.6	towards	0.68
خزانے	gayekhazaane	0.5	coffers	0.69
منگوا	mangva	0.5	sprang	1.0
کالر	killer	0.67	decals	0.47
نُٹ	not	0.33	not	1.0
گرم	garam	0.6	cooler	0.73
زے	zax	0.33	mett	0.36
